<sequence name="file">
  <recursive name="declaration_list">
    <choice name="declaration">
      <plus name="declaration_content">
        <choice name="node">
          <leaf name="identifier">
            int
          </leaf>
        </choice>
        <choice name="node">
          <leaf name="identifier">localvalue0</leaf>
        </choice>
        <choice name="node">
          <sequence name="symbol">
            =
          </sequence>
        </choice>
        <choice name="node">
          <sequence name="literal">
            <sequence name="int_literal">
              <choice name="unsigned_literal">
                <sequence name="decimal_literal">
                  <charrange name="nonzero_digit">
                    7
                  </charrange>
                </sequence>
              </choice>
            </sequence>
          </sequence>
        </choice>
      </plus>
      <charsequence name="semicolon">
        ;
      </charsequence>
      <sequence name="same_line_comment">
        <choice name="comment">
          <sequence name="line_comment">
            <star name="until_eol">
            </star>
          </sequence>
        </choice>
      </sequence>
    </choice>
    <choice name="declaration">
      <plus name="declaration_content">
        <choice name="node">
          <leaf name="identifier">
            int
          </leaf>
        </choice>
        <choice name="node">
          <leaf name="identifier">localvalue1</leaf>
        </choice>
        <choice name="node">
          <sequence name="symbol">
            =
          </sequence>
        </choice>
        <choice name="node">
          <sequence name="literal">
            <sequence name="int_literal">
              <choice name="unsigned_literal">
                <sequence name="octal_literal">
                </sequence>
              </choice>
            </sequence>
          </sequence>
        </choice>
      </plus>
      <charsequence name="semicolon">
        ;
      </charsequence>
    </choice>
    <choice name="declaration">
      <plus name="declaration_content">
        <choice name="node">
          <leaf name="identifier">
            void
          </leaf>
        </choice>
        <choice name="node">
          <leaf name="identifier">localvalue2</leaf>
        </choice>
        <choice name="node">
          <sequence name="paran_group">
            <recursive name="declaration_list">
            </recursive>
          </sequence>
        </choice>
        <choice name="node">
          <sequence name="brace_group">
            <recursive name="declaration_list">
              <choice name="declaration">
                <plus name="declaration_content">
                  <choice name="node">
                    <leaf name="identifier">
                      pinMode
                    </leaf>
                  </choice>
                  <choice name="node">
                    <sequence name="paran_group">
                      <recursive name="declaration_list">
                        <choice name="declaration">
                          <plus name="declaration_content">
                            <choice name="node">
                              <sequence name="literal">
                                <sequence name="int_literal">
                                  <choice name="unsigned_literal">
                                    <sequence name="decimal_literal">
                                      <charrange name="nonzero_digit">
                                        7
                                      </charrange>
                                    </sequence>
                                  </choice>
                                </sequence>
                              </sequence>
                            </choice>
                            <choice name="node">
                              <sequence name="symbol">
                                ,
                              </sequence>
                            </choice>
                            <choice name="node">
                              <leaf name="identifier">
                                OUTPUT
                              </leaf>
                            </choice>
                          </plus>
                        </choice>
                      </recursive>
                    </sequence>
                  </choice>
                </plus>
                <charsequence name="semicolon">
                  ;
                </charsequence>
              </choice>
              <choice name="declaration">
                <plus name="declaration_content">
                  <choice name="node">
                    <leaf name="identifier">
                      Serial
                    </leaf>
                  </choice>
                  <choice name="node">
                    <sequence name="symbol">
                      .
                    </sequence>
                  </choice>
                  <choice name="node">
                    <leaf name="identifier">
                      begin
                    </leaf>
                  </choice>
                  <choice name="node">
                    <sequence name="paran_group">
                      <recursive name="declaration_list">
                        <choice name="declaration">
                          <plus name="declaration_content">
                            <choice name="node">
                              <sequence name="literal">
                                <sequence name="int_literal">
                                  <choice name="unsigned_literal">
                                    <sequence name="decimal_literal">
                                      <charrange name="nonzero_digit">
                                        9
                                      </charrange>
                                      <charrange name="digit">
                                        6
                                      </charrange>
                                      <charrange name="digit">
                                        0
                                      </charrange>
                                      <charrange name="digit">
                                        0
                                      </charrange>
                                    </sequence>
                                  </choice>
                                </sequence>
                              </sequence>
                            </choice>
                          </plus>
                        </choice>
                      </recursive>
                    </sequence>
                  </choice>
                </plus>
                <charsequence name="semicolon">
                  ;
                </charsequence>
              </choice>
            </recursive>
          </sequence>
        </choice>
        <choice name="node">
          <leaf name="identifier">
            void
          </leaf>
        </choice>
        <choice name="node">
          <leaf name="identifier">localvalue3</leaf>
        </choice>
        <choice name="node">
          <sequence name="paran_group">
            <recursive name="declaration_list">
            </recursive>
          </sequence>
        </choice>
        <choice name="node">
          <sequence name="brace_group">
            <recursive name="declaration_list">
              <choice name="declaration">
                <plus name="declaration_content">
                  <choice name="node">
                    <leaf name="identifier">localvalue1</leaf>
                  </choice>
                  <choice name="node">
                    <sequence name="symbol">
                      =
                    </sequence>
                  </choice>
                  <choice name="node">
                    <leaf name="identifier">
                      analogRead
                    </leaf>
                  </choice>
                  <choice name="node">
                    <sequence name="paran_group">
                      <recursive name="declaration_list">
                        <choice name="declaration">
                          <plus name="declaration_content">
                            <choice name="node">
                              <sequence name="literal">
                                <sequence name="int_literal">
                                  <choice name="unsigned_literal">
                                    <sequence name="octal_literal">
                                    </sequence>
                                  </choice>
                                </sequence>
                              </sequence>
                            </choice>
                          </plus>
                        </choice>
                      </recursive>
                    </sequence>
                  </choice>
                </plus>
                <charsequence name="semicolon">
                  ;
                </charsequence>
                <sequence name="same_line_comment">
                  <choice name="comment">
                    <sequence name="line_comment">
                      <star name="until_eol">
                      </star>
                    </sequence>
                  </choice>
                </sequence>
              </choice>
              <choice name="declaration">
                <plus name="declaration_content">
                  <choice name="node">
                    <leaf name="identifier">
                      Serial
                    </leaf>
                  </choice>
                  <choice name="node">
                    <sequence name="symbol">
                      .
                    </sequence>
                  </choice>
                  <choice name="node">
                    <leaf name="identifier">
                      print
                    </leaf>
                  </choice>
                  <choice name="node">
                    <sequence name="paran_group">
                      <recursive name="declaration_list">
                        <choice name="declaration">
                          <plus name="declaration_content">
                            <choice name="node">
                              <sequence name="literal">
                                <sequence name="string_literal">
                                  <charsequence name="dbl_quote">
                                    "
                                  </charsequence>
                                  <choice name="s_char">
                                  </choice>
                                  <choice name="s_char">
                                  </choice>
                                  <charsequence name="dbl_quote">
                                    "
                                  </charsequence>
                                </sequence>
                              </sequence>
                            </choice>
                          </plus>
                        </choice>
                      </recursive>
                    </sequence>
                  </choice>
                </plus>
                <charsequence name="semicolon">
                  ;
                </charsequence>
              </choice>
              <choice name="declaration">
                <plus name="declaration_content">
                  <choice name="node">
                    <leaf name="identifier">
                      Serial
                    </leaf>
                  </choice>
                  <choice name="node">
                    <sequence name="symbol">
                      .
                    </sequence>
                  </choice>
                  <choice name="node">
                    <leaf name="identifier">
                      print
                    </leaf>
                  </choice>
                  <choice name="node">
                    <sequence name="paran_group">
                      <recursive name="declaration_list">
                        <choice name="declaration">
                          <plus name="declaration_content">
                            <choice name="node">
                              <leaf name="identifier">localvalue1</leaf>
                            </choice>
                            <choice name="node">
                              <sequence name="symbol">
                                ,
                              </sequence>
                            </choice>
                            <choice name="node">
                              <leaf name="identifier">
                                DEC
                              </leaf>
                            </choice>
                          </plus>
                        </choice>
                      </recursive>
                    </sequence>
                  </choice>
                </plus>
                <charsequence name="semicolon">
                  ;
                </charsequence>
              </choice>
              <choice name="declaration">
                <plus name="declaration_content">
                  <choice name="node">
                    <leaf name="identifier">
                      delay
                    </leaf>
                  </choice>
                  <choice name="node">
                    <sequence name="paran_group">
                      <recursive name="declaration_list">
                        <choice name="declaration">
                          <plus name="declaration_content">
                            <choice name="node">
                              <sequence name="literal">
                                <sequence name="int_literal">
                                  <choice name="unsigned_literal">
                                    <sequence name="decimal_literal">
                                      <charrange name="nonzero_digit">
                                        1
                                      </charrange>
                                      <charrange name="digit">
                                        0
                                      </charrange>
                                      <charrange name="digit">
                                        0
                                      </charrange>
                                    </sequence>
                                  </choice>
                                </sequence>
                              </sequence>
                            </choice>
                          </plus>
                        </choice>
                      </recursive>
                    </sequence>
                  </choice>
                </plus>
                <charsequence name="semicolon">
                  ;
                </charsequence>
              </choice>
            </recursive>
          </sequence>
        </choice>
      </plus>
    </choice>
  </recursive>
</sequence>